region,deaths_total,pop_2019,deaths_per100k
city_A,351.0713557500834,2275374,15.429171457091599
city_B,1170.5340406948712,6325080,18.50623297562831
city_C,505.7639897875479,3616758,13.983904640220548
city_D,512.9801743346057,4672974,10.977595303004163
city_E,527.9171887800735,5050488,10.452795626483491
