region,deaths_total
city_A,351.0713557500834
city_B,1170.5340406948712
city_C,505.7639897875479
city_D,512.9801743346057
city_E,527.9171887800735
