region,year,deaths_total
city_A,2018,484.4637110198445
city_A,2019,351.0713557500834
city_A,2020,49.54320670457288
city_B,2018,892.4548647903605
city_B,2019,1170.5340406948712
city_B,2020,143.27521458672229
city_C,2018,377.25848724974486
city_C,2019,505.7639897875479
city_C,2020,100.59420207281885
city_D,2018,383.80219027940547
city_D,2019,512.9801743346057
city_D,2020,78.92757910600476
city_E,2018,613.9851663892725
city_E,2019,527.9171887800735
city_E,2020,93.96428913947355
